{
  "_fv": 28,
  "_type": "armor",
  "definition": {
    "enableHelmet": true,
    "textureHelmet": "nederite_head",
    "enableBody": true,
    "textureBody": "nederite_body",
    "enableLeggings": true,
    "textureLeggings": "nederite_leggings",
    "enableBoots": true,
    "textureBoots": "nederite_boots",
    "creativeTab": {
      "value": "COMBAT"
    },
    "armorTextureFile": "nederite",
    "helmetName": "casco de nederite",
    "bodyName": "pechera de nederite",
    "leggingsName": "pantalon de nederite",
    "bootsName": "botas de nederite",
    "helmetSpecialInfo": [],
    "bodySpecialInfo": [],
    "leggingsSpecialInfo": [],
    "bootsSpecialInfo": [],
    "helmetModelName": "Default",
    "helmetModelPart": "Helmet",
    "helmetModelTexture": "From armor",
    "bodyModelName": "Default",
    "bodyModelPart": "Body",
    "armsModelPartL": "Arms L",
    "armsModelPartR": "Arms R",
    "bodyModelTexture": "From armor",
    "leggingsModelName": "Default",
    "leggingsModelPartL": "Leggings L",
    "leggingsModelPartR": "Leggings R",
    "leggingsModelTexture": "From armor",
    "bootsModelName": "Default",
    "bootsModelPartL": "Boots L",
    "bootsModelPartR": "Boots R",
    "bootsModelTexture": "From armor",
    "helmetImmuneToFire": false,
    "bodyImmuneToFire": false,
    "leggingsImmuneToFire": false,
    "bootsImmuneToFire": false,
    "maxDamage": 40,
    "damageValueHelmet": 4,
    "damageValueBody": 9,
    "damageValueLeggings": 7,
    "damageValueBoots": 4,
    "enchantability": 20,
    "toughness": 0.4,
    "knockbackResistance": 0.30000000000000004,
    "equipSound": {
      "value": ""
    },
    "repairItems": [
      {
        "value": "CUSTOM:NederiteIngot"
      }
    ]
  }
}