{
  "_fv": 28,
  "_type": "tool",
  "definition": {
    "renderType": 0,
    "texture": "nederite_sword",
    "customModelName": "Normal",
    "name": "Espada de enderite",
    "specialInfo": [],
    "creativeTab": {
      "value": "COMBAT"
    },
    "toolType": "Sword",
    "harvestLevel": 5,
    "efficiency": 9.0,
    "attackSpeed": 1.4000000000000001,
    "enchantability": 2,
    "damageVsEntity": 9.0,
    "usageCount": 2166,
    "blocksAffected": [],
    "hasGlow": false,
    "repairItems": [
      {
        "value": "CUSTOM:NederiteIngot"
      }
    ],
    "immuneToFire": false,
    "stayInGridWhenCrafting": false,
    "damageOnCrafting": false
  }
}